bank,address,phone,open,website
"Central Savings, f.s.b.","2601 W Division St, Chicago, IL 60622, USA",(773) 342-2711,unknown,
"Towers Square Security","401 Edison Ave, Alamosa, CO 81101, USA",(719) 589-6653,unknown,
"Jarrettsville Federal S & L","3706 Norrisville Rd, Jarrettsville, MD 21084, USA",(410) 692-5151,yes,http://jarrettsvillefederal.com/
"Lyons Federal Bank","200 East Ave S, Lyons, KS 67554, USA",(620) 257-2316,yes,https://lyonsfed.com/
"Interstate Federal Savings","154 Main St, McGregor, IA 52157, USA",(563) 873-3467,unknown,
"American Union Saving & Loan","2601 W Division St, Chicago, IL 60622, USA",(773) 342-2711,yes,
"First Federal Savings & Loan Association of San Rafael","1030 3rd St, San Rafael, CA 94901, USA",(415) 456-6231,yes,http://www.ffsavings.com/
"Blue Grass Federal S & L Association","600 High St, Paris, KY 40361, USA",(859) 987-2951,yes,http://www.bluegrassfederal.com/
"Cullman Savings Bank","101 Main St NW, Hanceville, AL 35077, USA",(256) 352-6411,yes,http://www.cullmansavingsbank.com/
"Gunnison Savings & Loan","501 Elk Ave, Crested Butte, CO 81224, USA",(970) 349-1677,unknown,https://www.gunnisonsl.com/
"Providence Bank & Trust","5225 W 25th St, Cicero, IL 60804, USA",(708) 656-0100,yes,https://www.providence.bank/
"Rio Grande Savings & Loan Association","3416 Mariposa St, Alamosa, CO 81101, USA",(719) 589-2536,yes,https://www.rgsla.com/
"WCF Financial Bank","305 1st St W, Independence, IA 50644, USA",(319) 334-2545,yes,https://www.wcfbank.com/
"Southern Hills Community Bank","223 N Main St, Lynchburg, OH 45142, USA",(937) 364-2861,unknown,http://www.southernhillscommunitybank.com/
"Kosciuszko Federal Savings Bank","1635 Eastern Ave, Baltimore, MD 21231, USA",(410) 342-1384,yes,
"Worthington Federal Savings","418 11th St, Worthington, MN 56187, USA",(507) 372-2131,unknown,http://www.worthingtonfederalsavings.com/
"Prospect Federal Savings Bank","11139 S Harlem Ave # 1, Worth, IL 60482, USA",(708) 361-8000,yes,http://www.prospectfederal.com/
"ATM","401 Edison Ave, Alamosa, CO 81101, USA",(719) 589-6653,yes,http://www.slvfed.com/
"Carroll County Savings & Loan","121 N Folger St, Carrollton, MO 64633, USA",(660) 542-2354,unknown,
"Franklin Bank","18 S Front St, Salem, NJ 08079, USA",(856) 339-9526,yes,https://franklinbnk.com/
"Great Plains National Bank","401 W Broadway Ave, Enid, OK 73701, USA",(580) 234-5313,yes,http://www.gpbankok.com/
"Peoples First Savings Bank","502 W Pike St, Morrow, OH 45152, USA",(513) 899-2040,yes,http://www.peoplesfirstohio.com/
"Argentine Federal Savings","3004 Strong Ave, Kansas City, KS 66106, USA",(913) 831-2004,yes,http://www.argentinefed.com/
"Collinsville Building & Loan","100 W Market St, Troy, IL 62294, USA",(618) 667-6767,yes,https://collinsvillebuildingandloan.com/
"Rio Grande Savings & Loan Association","901 1st Ave, Monte Vista, CO 81144, USA",(719) 852-5933,yes,http://www.rgsla.com/
"First Federal Savings Bank - Corporate Offices","303 Shoshone St N, Twin Falls, ID 83301, USA",(208) 733-4222,yes,http://www.bankfirstfed.com/
"Central Savings, f.s.b.","1601 W Belmont Ave, Chicago, IL 60657, USA",(773) 528-0200,yes,
"St. Landry Homestead Federal Savings Bank","235 N Court St, Opelousas, LA 70570, USA",(337) 948-3033,yes,http://stlandryhomestead.com/
"Fairview Savings & Loan Association","301 N Main St, Fairview, OK 73737, USA",(580) 227-3735,unknown,https://www.fairviewsavings.com/
"First Federal","123 Broadway Ave N, Buhl, ID 83316, USA",(208) 543-8881,yes,http://www.bankfirstfed.com/
"Bar Harbor Savings & Loan Association","103 Main St, Bar Harbor, ME 04609, USA",(207) 288-3685,yes,http://www.bhsla.com/
"Gunnison Savings & Loan","303 N Main St, Gunnison, CO 81230, USA",(970) 641-2171,yes,http://gunnisonsl.com/
"First Federal Savings & Loan","118 NE 3rd St, McMinnville, OR 97128, USA",(503) 472-6171,yes,http://www.firstfedweb.com/
"First Federal","383 Shoshone St N, Twin Falls, ID 83301, USA",(208) 733-4222,yes,http://www.bankfirstfed.com/
"Liberty Savings Association FSA","24 S Judson St, Fort Scott, KS 66701, USA",(620) 223-0300,yes,http://www.libertysavingsfsa.com/
"First Federal Savings Bank","101 W Main St, Mascoutah, IL 62258, USA",(618) 566-2343,yes,http://www.firstfederalmascoutah.com/
"Citizens Savings & Loan Association","5151 S 4th St, Leavenworth, KS 66048, USA",(913) 727-1040,yes,http://www.citizensfsb.com/
"Peoples Federal Bancshares Inc","435 Market St, Brighton, MA 02135, USA",(617) 254-0707,yes,http://investors.pfsb.com/
"Mississippi County S & L Association","501 S Main St, Charleston, MO 63834, USA",(573) 683-2141,unknown,
"Family Bank","134 Hand Ave W, Pelham, GA 31779, USA",(229) 294-2821,yes,https://www.familybankonline.com/
"Del Norte Bank","705 Grand Ave, Del Norte, CO 81132, USA",(719) 657-3376,yes,http://www.truelocalbank.com/
"Elberton Federal","6 E Church St, Elberton, GA 30635, USA",(706) 283-5821,unknown,
"Carrollton Federal Bank","2539 KY-227, Carrollton, KY 41008, USA",(502) 732-4272,yes,http://www.carrolltonfederal.com/
"Home Savings Bank FSB","202 Elm St, Ludlow, KY 41016, USA",(859) 431-4437,yes,http://www.homesavingsbanknky.com/
"Collinsville Building & Loan","701 Beltline Rd, Collinsville, IL 62234, USA",(618) 344-3172,unknown,http://www.collinsvillebuildingandloan.com/
"Mutual Savings Association, FSA","100 S 4th St, Leavenworth, KS 66048, USA",(913) 682-3491,yes,https://mutualwave.com/
"Armstrong County Building & Loan","935 5th Ave, Ford City, PA 16226, USA",(724) 763-7137,unknown,http://www.acbla.com/
"San Luis Valley Federal Bank","401 Edison Ave, Alamosa, CO 81101, USA",(719) 589-6653,yes,http://www.slvfed.com/
"Auburn Savings Bank","256 Court St, Auburn, ME 04210, USA",(207) 782-6871,yes,http://www.auburnsavings.com/
"First Federal Bank of Florida","1102 Ohio Ave N, Live Oak, FL 32064, USA",(386) 362-3433,yes,http://www.ffbf.com/
"Tecumseh Federal Bank","160 N 4th St, Tecumseh, NE 68450, USA",(402) 335-3384,unknown,http://www.tecfedbank.com/
"Atm","3415 Mariposa St, Alamosa, CO 81101, USA",(719) 589-6653,yes,http://www.slvfed.com/
"First Federal Savings Bank","212 E Maumee St, Angola, IN 46703, USA",(260) 665-7556,yes,http://www.ffsbangola.com/
"First Federal Bank of Florida","11035 Florida 136 Scenic, Dowling Park, FL 32060, USA",(386) 362-3433,yes,http://www.ffbf.com/
"Peoples First Savings Bank","225 Reading Rd, Mason, OH 45040, USA",(513) 398-1040,yes,http://www.peoplesfirstohio.com/
"Ronald C Peters & Associates","5953 W Cermak Rd, Cicero, IL 60804, USA",(708) 205-0180,yes,
"Salem Co-operative Bank","3 S Broadway, Salem, NH 03079, USA",(603) 898-2153,yes,http://www.salemcoop.com/
"Monroe Federal Savings & Loan","24 E Main St, Tipp City, OH 45371, USA",(937) 667-8461,unknown,http://www.monroefederal.com/
"Cullman Savings Bank","316 2nd Ave SW, Cullman, AL 35055, USA",(256) 734-1740,yes,http://www.cullmansavingsbank.com/
"Ben Franklin Bank of Illinois","830 E Kensington Rd, Arlington Heights, IL 60004, USA",(847) 398-0990,yes,http://www.benfrankbank.com/
"West Plains Savings & Loan","417 W Broadway St, West Plains, MO 65775, USA",(417) 256-3042,yes,http://www.westplainssavingsandloan.com/
"First Federal Savings & Loan","118 NE 3rd St, McMinnville, OR 97128, USA",(503) 472-6171,yes,https://www.firstfedweb.com/
"First Federal Savings & Loan","229 North Main Street, WaKeeney, KS 67672, USA",(785) 743-5751,unknown,
"Southern Hills Community Bank","45 E Main St, Leesburg, OH 45135, USA",(937) 780-2431,unknown,http://www.southernhillscommunitybank.com/
"First Savings Bank Clarksville, Main Office","501 E Lewis and Clark Pkwy, Clarksville, IN 47129, USA",(812) 283-0724,yes,http://www.fsbbank.net/main-officeclarksville/
"Central Federal","210 W 10th St, Rolla, MO 65401, USA",(573) 364-1024,yes,http://centralfederal.com/
"Lake City Federal Bank","201 E Marion St, Lake City, MN 55041, USA",(651) 345-3373,yes,http://www.lcfederal.com/
"First Federal Savings Bank","633 La Salle St, Ottawa, IL 61350, USA",(815) 434-3500,yes,http://www.ffsbweb.com/
"North Side Federal","5159 N Clark St, Chicago, IL 60640, USA",(773) 561-7051,yes,http://www.northsidefederal.com/
"Home Savings & Loan Association","210 E 2nd St, Norborne, MO 64668, USA",(660) 593-3313,yes,http://www.norbornehsl.com/
"San Luis Valley Federal Bank","330 Solar Ave, Monte Vista, CO 81144, USA",(719) 589-6653,yes,https://www.slvfed.com/
"Franklin Bank","1179 US-40, Woodstown, NJ 08098, USA",(856) 769-4400,yes,http://www.franklinbnk.com/
"Home Savings Bank","214 N Lincoln Ave, Chanute, KS 66720, USA",(620) 431-1100,yes,http://www.homesavingschanute.com/
"Central Federal Savings & Loan","6940 Ogden Ave, Berwyn, IL 60402, USA",(708) 222-2300,yes,http://www.centralfederalsavings.com/
"Home Federal Bank","624 Market St, Shreveport, LA 71101, USA",(318) 222-1145,yes,http://www.hfbla.com/
"Hamilton Bank","788 Washington Blvd, Baltimore, MD 21230, USA",(410) 539-1313,yes,http://www.hamilton-bank.com/
"Mechanics Cooperative Bank","60 Bedford St, Fall River, MA 02720, USA",(508) 679-1961,yes,http://www.mechanics-coop.com/
"Peoples Savings & Loan Association","126 Constitution Plz, Monticello, IN 47960, USA",(574) 583-4121,yes,
"Cincinnati Federal","4310 Glenway Ave, Cincinnati, OH 45205, USA",(513) 921-1465,yes,http://www.cincinnatifederal.com/
"Fidelity Bank","201 St Charles Ave 27th floor, New Orleans, LA 70170, USA",(504) 529-5011,yes,https://www.bankwithfidelity.com/
"Central Federal Savings & Loan Association","5953 W Cermak Rd, Cicero, IL 60804, USA",(708) 656-5000,yes,http://www.centralfederalsavings.com/
"Federal Savings Bank","633 Central Ave, Dover, NH 03820, USA",(603) 742-4680,yes,https://www.fsbdover.com/locations/dover
"North Arundel Savings Bank","125 Mountain Rd, Pasadena, MD 21122, USA",(410) 255-6700,yes,http://www.northarundelsavingsbank.com/
"Edgewater Bank","321 Main St, St Joseph, MI 49085, USA",(269) 982-4175,unknown,https://www.edgewaterbank.com/
"ATM","330 Solar Ave, Monte Vista, CO 81144, USA",(719) 589-6653,yes,http://www.slvfed.com/
"First Federal Savings Bank-Wa","439 IN-57, Washington, IN 47501, USA",(812) 254-2370,yes,http://www.firstfederalwashington.com/
"Miami Savings Bank","8008 Ferry St, Miamitown, OH 45041, USA",(513) 353-1339,yes,http://www.miamisavings.bank/
"Century Savings & Loan Association","233 E Main St, Trinidad, CO 81082, USA",(719) 846-2257,yes,https://www.centurysavings.com/
"Madison Bank of Maryland","1920 Rock Spring Rd, Forest Hill, MD 21050, USA",(410) 420-9600,yes,http://www.mbofmd.com/
"Colonial Federal Savings Bank","15 Beach St, Quincy, MA 02170, USA",(617) 471-0750,yes,https://colonialfed.com/
"Kentland Federal Savings-Loan","116 N 3rd St, Kentland, IN 47951, USA",(219) 474-5888,unknown,
"Milford Building & Loan Association","131 E Jones St, Milford, IL 60953, USA",(815) 889-4140,unknown,
"Great Plains National Bank","401 W Broadway Ave, Enid, OK 73701, USA",(580) 234-5313,yes,http://www.gpbankok.com/
"First Federal ATM","920 State Hwy 249, Live Oak, FL 32064, USA",(386) 362-3433,yes,http://ffsb.com/
"Sidney Federal Savings & Loan","1045 10th Ave, Sidney, NE 69162, USA",(308) 254-2401,yes,https://www.sidneyfederal.com/
"Citizens Federal Savings and Loan of Covington","433 Madison Ave, Covington, KY 41011, USA",(859) 431-0087,yes,http://www.citizens-federal.com/
"Foxboro Federal Savings","1 Central St, Foxborough, MA 02035, USA",(508) 543-5321,yes,http://www.foxfed.com/
"Cullman Savings Bank","1652 2nd Ave SW, Cullman, AL 35055, USA",(256) 737-7200,yes,https://www.cullmansavingsbank.com/
"ATM Central Federal Savings","210 W 10th St, Rolla, MO 65401, USA",(573) 364-1024,unknown,http://centralfederal.com/
"Page County Federal Savings","123 E Main St, Clarinda, IA 51632, USA",(712) 542-2103,unknown,
"San Luis Valley Federal Bank","3415 Mariposa St, Alamosa, CO 81101, USA",(719) 589-6653,yes,http://www.slvfed.com/
"Union Savings & Loan Association","730 N Central Ave, Connersville, IN 47331, USA",(765) 825-2171,yes,http://www.uslabank.com/
"First Shore Federal S & L Association","106-108 S Division St, Salisbury, MD 21801, USA",(410) 546-1101,yes,http://www.firstshorefederal.com/
"Mutual Savings and Loan Association","68021 Capital Trace Row Mandeville, LA 70471, 68021 Tammany Trace Dr, Mandeville, LA 70471, USA",(985) 778-2223,yes,http://mutualsavings.com/
"Fifth District Savings Bank","4000 General De Gaulle Dr, New Orleans, LA 70114, USA",(504) 362-7544,yes,https://www.fifthdistrict.com/
"Louisiana Bancorp Inc","1600 Veterans Memorial Blvd, Metairie, LA 70005, USA",(504) 834-1190,unknown,
"Sterling Federal Bank","3200 E Lynn Blvd, Sterling, IL 61081, USA",(815) 626-0614,yes,http://www.sterlingfederal.com/
"Aroostook County Federal Savings and Loan","43 High St, Caribou, ME 04736, USA",(207) 498-8726,yes,http://www.yourhomebank.com/
"First Federal Savings","2 N 2nd St, Newark, OH 43055, USA",(740) 345-3494,yes,http://www.firstfedohio.com/
"Harrison Building & Loan Association","10490 New Haven Rd, Harrison, OH 45030, USA",(513) 367-2015,unknown,https://www.bankhbl.com/
"Loomis Federal Savings & Loan","6350 W 63rd St, Chicago, IL 60638, USA",(773) 586-6900,yes,
"Town Square Bank","119 N Main Cross St, Louisa, KY 41230, USA",(606) 638-4579,yes,http://www.townsquarebank.com/
"First Federal Savings & Loan","712 Washington St, Ravenswood, WV 26164, USA",(304) 273-4212,unknown,
"Peoples Savings and Loan Company","300 S Walnut St, Bucyrus, OH 44820, USA",(419) 562-6896,yes,https://www.psalc.com/
"Sterling Federal Bank","821 1st Ave, Rock Falls, IL 61071, USA",(815) 626-0614,yes,http://www.sterlingfederal.com/
"Suburban Federal","1000 Ingleside Ave, Catonsville, MD 21228, USA",(410) 747-6200,unknown,
"American Savings Bank","701 N University Blvd, Middletown, OH 45042, USA",(513) 422-6324,yes,http://www.amsavingsbank.com/
"GFA Federal Credit Union","99 Grove St, Peterborough, NH 03458, USA",(603) 924-9654,yes,https://www.gfafcu.com/
"Camden National Bank","190 Water St, Gardiner, ME 04345, USA",(207) 582-5550,yes,https://www.camdennational.com/
"First Federal Bank & Trust","46 W Brundage St, Sheridan, WY 82801, USA",(307) 672-0464,yes,https://www.efirstfederal.com/
"Home Federal Bank","1500 Carter Ave, Ashland, KY 41101, USA",(606) 324-7196,unknown,
"Town Square Bank","501 US-23, Greenup, KY 41144, USA",(606) 473-0884,yes,http://www.townsquarebank.com/
"Oakleaf Services Corporation","45 S Main St, Fairport, NY 14450, USA",(585) 223-9080,unknown,
"ESSA Bank & Trust","200 Palmer St, Stroudsburg, PA 18360, USA",(570) 421-0531,yes,http://www.essabank.com/
"Best Hometown Bank","100 E Clay St, Collinsville, IL 62234, USA",(618) 345-1121,yes,http://www.besthometownbank.com/
"Middlesex Federal Savings FA","1 College Ave, Somerville, MA 02144, USA",(617) 666-4700,yes,https://www.middlesexfederal.com/
"Ladysmith Federal Savings","119 W 4th St N, Ladysmith, WI 54848, USA",(715) 532-3389,yes,http://ladysmithfederal.com/
"Rio Grande Savings & Loan Association","80 Co Rd 600, Pagosa Springs, CO 81147, USA",(970) 731-4701,yes,https://www.rgsla.com/
"Community Savings","425 Main St, Caldwell, OH 43724, USA",(740) 732-5678,yes,https://www.mycommunitysavings.com/
"New Carlisle Fed Savings Bank","400 N Main St, New Carlisle, OH 45344, USA",(937) 845-3636,yes,http://www.newcarlislefederal.com/
"Fairport Savings Bank","1075 Ridge Rd # 100, Webster, NY 14580, USA",(585) 872-0100,yes,https://www.fairportsavingsbank.com/
"TC Federal Bank","2915-501 Kerry Forest Pkwy, Tallahassee, FL 32309, USA",(850) 894-3001,yes,http://tcfederal.com/
"MECU of Baltimore - Seton Branch","4801 Seton Dr, Baltimore, MD 21215, USA",(800) 248-6328,yes,https://www.mecu.com/
"Streator Home Savings Bank","132 S Monroe St, Streator, IL 61364, USA",(815) 673-5566,unknown,http://www.streatorhome.com/contact-us
"Kentucky Federal Savings & Ln","1050 Scott Blvd, Covington, KY 41011, USA",(859) 261-2076,yes,https://www.kentuckyfederal.com/
"Sterling Federal Bank","18 W Main St, Mt Morris, IL 61054, USA",(815) 734-6051,yes,https://www.sterlingfederal.com/
"Milton Savings Bank","80 Broadway St, Milton, PA 17847, USA",(570) 742-8541,yes,https://www.miltonsavingsbank.com/
"First Federal Bank of Kansas City","711 Minnesota Ave, Kansas City, KS 66101, USA",(913) 233-6100,yes,https://www.ffbkc.com/
"Fairport Savings Bank","2163 Fairport Nine Mile Point Rd, Fairport, NY 14450, USA",(585) 377-8970,yes,https://www.fairportsavingsbank.com/
"Fidelity Federal Savings & Loan","60 N Sandusky St, Delaware, OH 43015, USA",(740) 363-1284,yes,http://www.fidfedsl.com/
"Home Federal Savings & Loan","100 E Clay St, Collinsville, IL 62234, USA",(618) 345-1121,yes,http://www.homefed24.com/
"Security Federal Savings Bank","314 4th St, Logansport, IN 46947, USA",(574) 722-6261,yes,https://www.secfedbank.com/
"Covington Savings & Loan Association","700 E Broadway St, Covington, OH 45318, USA",(937) 473-2021,unknown,http://covingtonsavingsandloan.com/
"Home Federal Savings & Loan Association of Nebraska","201 W 7th St, Lexington, NE 68850, USA",(308) 324-2331,yes,https://www.homefederalne.bank/
"Gibraltar Bank","1039 S Orange Ave, Newark, NJ 07106, USA",(973) 372-1221,yes,http://www.gibraltarbanknj.com/
"Townsquare Bank","101 Commonwealth Dr, Mt Sterling, KY 40353, USA",(859) 498-5728,unknown,http://townsquarebank.com/
"Monroe Savings Bank","1712 S Black Horse Pike, Williamstown, NJ 08094, USA",(856) 629-7505,yes,http://www.monroesavings.com/
"Streator Home Savings Bank","2981, 132 S Monroe St, Streator, IL 61364, USA",(815) 673-5566,yes,https://www.streatorhome.com/
"Beneficial Bank","1901 E Passyunk Ave, Philadelphia, PA 19148, USA",(215) 468-1700,yes,https://www.thebeneficial.com/Locations/Havertown_Passyunk
"First Federal Savings & Loan","212 N Franklin St, Greensburg, IN 47240, USA",(812) 663-6793,yes,http://www.ffsg.net/
"Univest Bank and Trust Co.","4390 Davisville Rd, Hatboro, PA 19040, USA",(215) 682-7400,yes,https://www.univest.net/
"Glen Rock Savings Bank","474 Prospect Ave, West Orange, NJ 07052, USA",(973) 736-0020,unknown,http://www.glenrockonline.com/
"Watch Hill Bank","3549 Columbia Pkwy, Cincinnati, OH 45226, USA",(513) 231-7871,yes,http://watchhillbank.com/
"First Federal Community Bank","630 Clarksville St, Paris, TX 75460, USA",(903) 784-0881,yes,https://ffcbank.com/mybank-employee-directory.asp?location=1
"Citizens Federal Savings-Loan","110 N Main St, Bellefontaine, OH 43311, USA",(937) 593-0015,yes,http://www.citizensfederalsl.com/
"Community Savings Bank - Bethel, Ohio","503 W Plane St, Bethel, OH 45106, USA",(513) 734-4445,yes,http://www.bankwith-csb.com/
"Bedford Federal Savings Bank","1030 15th St, Bedford, IN 47421, USA",(812) 275-5907,unknown,https://www.bedfed.com/
"ATM","2 E Columbia St, Farmington, MO 63640, USA",(573) 756-6622,unknown,https://ozarksfederal.com/
"Fairport Savings Bank","2118 Hudson Ave, Rochester, NY 14617, USA",(585) 266-4100,yes,http://www.fairportsavingsbank.com/
"Martinsville First Savings Bnk","25 W Church St, Martinsville, VA 24112, USA",(276) 638-8771,yes,http://www.martinsvillefirst.com/
"Profile Insurance Group Inc: Gilbert Gerard","157 Wakefield St, Rochester, NH 03867, USA",(603) 332-2610,unknown,https://profileinsgroup.com/
"Second Federal Savings & Loan Association of Philadelphia","1727 Chestnut St, Philadelphia, PA 19103, USA",(215) 563-1572,yes,http://www.secondfed.com/
"Liberty Savings Bank FSB","1900 Indianapolis Blvd, Whiting, IN 46394, USA",(219) 659-6700,yes,https://www.libertysavingsbank.com/
"First Federal Bank","6900 Executive Dr, Kansas City, MO 64120, USA",(816) 241-7800,yes,http://www.ffbkc.com/
"Time Federal Savings Bank","1526, 675 E Broadway Ave, Medford, WI 54451, USA",(715) 748-2231,yes,http://www.timefederalsavings.com/
"Geddes Federal Savings & Loan Association","240 W Seneca St, Manlius, NY 13104, USA",(315) 468-6281,yes,
"https://www.geddesfederal.com/?utm_source=Google%20Plus&utm_medium=organic%20plus&utm_campaign=organic
"Dalhart Federal Savings & Loan","502 Denrock Ave, Dalhart, TX 79022, USA",(806) 249-8561,yes,https://www.dalhartfederal.com/
"Cincinnatus Savings & Loan Co","3300 Harrison Ave, Cincinnati, OH 45211, USA",(513) 661-6903,yes,http://www.cincinnatussl.com/
"First Federal Lakewood - Westlake Mortgage Lending Office","24461 Detroit Rd #100, Westlake, OH 44145, USA",(216) 221-7300,unknown,https://www.ffl.net/locations/westlake-mortgage-lending-office
"Cornerstone Bank","123 E Main St, Clarinda, IA 51632, USA",(712) 542-2103,yes,https://www.cornerstonebankia.com/
"Town Square Bank","621 12th St, Ashland, KY 41101, USA",(606) 929-9700,yes,http://townsquarebank.com/
"Fairport Savings Bank","6797 Pittsford Palmyra Rd, Fairport, NY 14450, USA",(585) 223-2200,yes,http://fairportsavingsbank.com/
"Madison County Bank: Loseke Benjamin","111 W 3rd St, Madison, NE 68748, USA",(402) 454-6511,unknown,
"Quarry City Savings & Loan","713 PCA Road, Warrensburg, MO 64093, USA",(660) 747-5513,yes,https://www.quarrycity.com/
"First Federal Lakewood - Parma","1640 Snow Rd, Parma, OH 44134, USA",(216) 351-7000,yes,https://www.ffl.net/locations/parma-branch
"Sunnyside Federal Bank","56 Main St, Irvington, NY 10533, USA",(914) 591-8000,yes,https://www.sunnysidefederal.com/
"First Federal Savings & Loan","460 N Greensburg Crossing, Greensburg, IN 47240, USA",(812) 663-6796,yes,http://www.ffsg.net/
"NorthEast Community Bank","325 Hamilton Ave, White Plains, NY 10601, USA",(914) 684-2500,yes,https://www.necb.com/
"First Federal Savings & Loan","411 N Patterson St, Valdosta, GA 31601, USA",(229) 244-0164,unknown,https://www.1stfederalvaldosta.com/
"Steuben Trust Company - Canisteo","1 W Main St, Canisteo, NY 14823, USA",(607) 698-2742,yes,https://www.steubentrust.com/
"ATM First Federal Savings Bank","146 W Brundage St, Sheridan, WY 82801, USA",(800) 627-3999,unknown,http://www.efirstfederal.com
"First Federal Administration Center","105 W 8th St, Port Angeles, WA 98362, USA",(360) 457-0461,yes,http://www.ourfirstfed.com/
"Peru Federal Savings Bank","1730 4th St, Peru, IL 61354, USA",(815) 223-4300,yes,https://www.perufederalsavings.com/
"First Federal Savings and Loan of Lorain","3721 Oberlin Ave, Lorain, OH 44053, USA",(440) 282-6188,yes,http://www.firstfedlorain.com/
"First Federal Savings and Loan of Lorain","2233 E 42nd St, Lorain, OH 44055, USA",(440) 277-5809,yes,http://www.firstfedlorain.com/
"Piedmont Federal Savings Bank","201 S Stratford Rd, Winston-Salem, NC 27103, USA",(336) 770-1050,yes,https://www.piedmontfederal.com/
"Galion Building & Loan","135 S Market St, Galion, OH 44833, USA",(419) 468-3113,yes,http://gblbank.com/
"TC Federal Bank","131 S Dawson St, Thomasville, GA 31792, USA",(229) 226-3221,yes,http://www.tcfederal.com/
"Sugar Creek MHC","28 W Broadway, Trenton, IL 62293, USA",(618) 224-9228,unknown,
"First Federal Savings & Loan","200 N Morgan St, Shelbyville, IL 62565, USA",(217) 774-3322,yes,https://www.1stfedci.com/
"Rockland Savings Bank, FSB","582 Main St, Rockland, ME 04841, USA",(207) 594-8465,yes,http://www.rocklandsavingsbank.com/
"Warsaw Federal","7800 E Kemper Rd #140, Cincinnati, OH 45249, USA",(513) 258-0899,yes,https://www.warsawfederal.com/
"Bedford Federal Savings Bank","1030 15th St, Bedford, IN 47421, USA",(812) 275-5907,yes,http://www.bedfed.com/
"Self-Help Credit Union","3960 W 26th St, Chicago, IL 60623, USA",(773) 277-8500,yes,https://www.self-helpfcu.org/
"Middlesex Federal Savings","1196 Broadway, Somerville, MA 02144, USA",(617) 666-4700,unknown,https://middlesexfederal.com/LOCATIONS
"Fidelity Federal Savings & Loan","1940 OH-37, Delaware, OH 43015, USA",(740) 363-1233,yes,http://www.fidfedsl.com/
"Best Hometown Bank","2110 N Center St, Maryville, IL 62062, USA",(618) 344-9650,yes,https://www.besthometownbank.com/
"Mutual Savings & Loan Association","2900 Clearview Pkwy, Metairie, LA 70006, USA",(504) 455-2444,unknown,http://www.mutualsavings.com/
"First Federal Savings & Loan","123 N Main St, Swanton, OH 43558, USA",(419) 822-3131,yes,https://www.firstfeddelta.com/
"Hamilton Bank","5600 Harford Rd, Baltimore, MD 21214, USA",(410) 254-9700,yes,https://hamilton-bank.com/
"Washington Savings Bank","2701 E Allegheny Ave, Philadelphia, PA 19134, USA",(215) 427-3500,yes,https://www.washingtonsav.com/
"Versailles Savings and Loan Company","10413 Kley Rd, Versailles, OH 45380, USA",(937) 526-4515,yes,http://www.versaillessavingsbank.com/
"Aroostook County Federal S & L","364 Main St, Presque Isle, ME 04769, USA",(207) 764-6591,unknown,https://www.yourhomebank.com/
"First Federal Bank of Florida","804 Ohio Ave S, Live Oak, FL 32064, USA",(386) 362-3433,yes,http://www.ffbf.com/
"ATM First Federal Lakewood","1640 Snow Rd, Parma, OH 44134, USA",(216) 351-7000,yes,http://www.ffl.net/
"Millville Savings & Loan Association","100 Albertson Ave, Millville, NJ 08332, USA",(856) 825-0809,yes,http://www.millvillesavings.com/
"Sterling Federal Bank","110 E 4th St, Sterling, IL 61081, USA",(815) 626-0614,yes,https://www.sterlingfederal.com/
"Home Bank","59 W Washington St, Martinsville, IN 46151, USA",(765) 342-6695,yes,http://www.homebanksb.com/
"HomeTrust Bank","100 W Main St, Cherryville, NC 28021, USA",(704) 435-3737,yes,https://www.hometrustbanking.com/
"Home Savings Bank","130 E McCarty St, Jefferson City, MO 65101, USA",(573) 636-4193,yes,http://www.homesavingsbankjc.com/
"First Federal Community Bank, SSB","630 Clarksville St, Paris, TX 75460, USA",(903) 784-0881,yes,https://ffcbank.com/
"Citizen's Building & Loan","229 Trade St, Greer, SC 29651, USA",(864) 877-2054,yes,http://www.cblgreer.com/
"Community Savings Bank - Greenfield, Ohio","355 Jefferson St, Greenfield, OH 45123, USA",(937) 981-3123,yes,http://www.bankwith-csb.com/
"First Advantage Bank","1430 Madison St, Clarksville, TN 37040, USA",(931) 552-6176,yes,http://www.fabmainclarksvilletn.com/
"Community Savings Bank - Greenfield, Ohio","355 Jefferson St, Greenfield, OH 45123, USA",(937) 981-3123,yes,http://www.bankwith-csb.com/
"First Pekin Savings Bank","532 Court St, Pekin, IL 61554, USA",(309) 347-3106,yes,http://www.firstpekinsavings.com/AboutFPSB.aspx
"Hibernia Bank","325 Carondelet St, New Orleans, LA 70130, USA",(504) 522-3203,yes,http://www.hibbank.com/
"Greensburg Indiana Mortgage","212 N Franklin St, Greensburg, IN 47240, USA",(812) 663-6793,unknown,http://www.greensburgindianamortgage.com/ContactUs
"PyraMax Bank","7001 W Edgerton Ave, Greenfield, WI 53220, USA",(414) 421-8200,yes,http://www.pyramaxbank.com/
"Dearborn Federal Savings Bank","22315 Michigan Ave, Dearborn, MI 48124, USA",(313) 565-3100,yes,https://www.mydfsb.com/
"Gate City Bank","1119 9th St E, West Fargo, ND 58078, USA",(701) 298-2800,yes,https://www.gatecitybank.com/
"Essex Bank","2120 Baldwin Ave, Crofton, MD 21114, USA",(410) 721-7330,yes,https://www.essexbank.com/
"Brainerd Savings & Loan","524 S 6th St, Brainerd, MN 56401, USA",(218) 829-5183,yes,http://www.brainerdsavings.com/
"First Federal Savings & Loan","125 Front St, Bath, ME 04530, USA",(207) 442-8711,yes,https://firstfederalbath.com/
"Equitable Bank","3012 S Locust St, Grand Island, NE 68801, USA",(308) 382-3136,yes,https://www.equitableonline.com/
"Liberty Bank Detroit","9108 Woodward Ave, Detroit, MI 48202, USA",(313) 873-3310,yes,https://www.libertybank.net/customer_care/locations/detroit/
"Fairport Savings Bank","45 S Main St, Fairport, NY 14450, USA",(585) 223-9080,yes,http://www.fairportsavingsbank.com/
"BELMONT FEDERAL SAVINGS & LOAN","210 Park St, Belmont, NC 28012, USA",(704) 825-9861,yes,http://www.belmontfederal.com/
"First Savings & Loan Association","206 W Center St, Mebane, NC 27302, USA",(919) 563-9231,unknown,http://www.firstsandl.net/
"Fox Valley Savings Bank","51 E 1st St, Fond du Lac, WI 54935, USA",(920) 921-7220,yes,http://www.fvsbank.com/
"Kopernik Federal Bank","2101 Eastern Ave, Baltimore, MD 21231, USA",(410) 276-4905,yes,http://www.kopernikbank.com/
"Gate City Bank","4151 45th St S, Fargo, ND 58104, USA",(701) 293-2525,yes,https://www.gatecitybank.com/
"Kennebec Federal Savings","70 Main St, Waterville, ME 04901, USA",(207) 873-5151,yes,http://www.kfsavings.com/
"Town Square Bank","150 S Main St, Nicholasville, KY 40356, USA",(859) 881-8266,yes,http://www.townsquarebank.com/index.cfm/contact
"Wallkill Valley Federal Savings & Loan","12 Main St, Walden, NY 12586, USA",(845) 778-2171,yes,https://wallkill.com/blog/wallkill-valley-federal-savings-loan-and-hometown-bank-of-the-hudson-valley-announce-merger-agreement
"Home Federal Bank of Tennessee","515 Market St, Knoxville, TN 37902, USA",(865) 544-3995,yes,https://www.homefederalbanktn.com/
"Prudential Bank","1834 W Oregon Ave, Philadelphia, PA 19145, USA",(215) 755-1500,yes,https://www.psbanker.com/
"Evergreen Federal Bank","969 SE 6th St, Grants Pass, OR 97526, USA",(541) 479-3351,yes,https://www.evergreenfederal.bank/
"Union Savings & Loan Association","353 Carondelet St, New Orleans, LA 70130, USA",(504) 522-5581,unknown,
"Monroe Savings Bank SLA","114 S Main St, Williamstown, NJ 08094, USA",(856) 629-6439,yes,http://www.monroesavings.com/
"Rockland Savings Bank","1341 Atlantic Hwy, Waldoboro, ME 04572, USA",(207) 832-4424,yes,https://www.rocklandsavingsbank.com/
"Industrial Federal Bank","107 W Center St, Lexington, NC 27292, USA",(336) 243-2766,yes,https://www.hometrustbanking.com/industrial_federal_savings_bank_of_lexington_nc_to_join_partnership/
"Yakima Federal Savings & Loan","118 E Yakima Ave, Yakima, WA 98901, USA",(509) 248-2634,yes,https://www.yakimafed.com/
"Prudential Bank","2646 E Allegheny Ave, Philadelphia, PA 19134, USA",(215) 427-3333,yes,https://www.psbanker.com/
"Western Union","3960 W 26th St, Chicago, IL 60623, USA",(773) 277-8500,yes,http://locations.westernunion.com/us/il/chicago/0f8e9a0733280168403cedb742ee9647?utm_source=google&utm_medium=distrib&utm_campaign=google-distrib
"Time Federal Savings Bank","1230, 204 N Avon Ave, Phillips, WI 54555, USA",(715) 339-2128,yes,http://www.timefederalsavings.com/
"Somerset Savings Bank","220 W Union Ave, Bound Brook, NJ 08805, USA",(732) 560-1700,yes,http://www.somersetsavings.com/
"Liberty Bank","314 Park Ave, Ironton, OH 45638, USA",(740) 532-2856,yes,http://www.libbk.com/
"Henderson Federal Savings Bank","130 N Marshall St, Henderson, TX 75652, USA",(903) 657-2577,yes,https://www.hendersonfederal.com/
"Piedmont Federal Savings Bank","16 3rd St E, Winston-Salem, NC 27101, USA",(336) 770-1000,yes,https://www.piedmontfederal.com/
"Hamilton Bank","8216 Philadelphia Rd, Rosedale, MD 21237, USA",(410) 866-4500,yes,https://hamilton-bank.com/
"Van Wert Federal Savings Bank","976 S Shannon St, Van Wert, OH 45891, USA",(419) 238-9662,yes,http://www.vanwertfederal.com/
"Carroll Community Bank","1321 Liberty Rd, Sykesville, MD 21784, USA",(410) 795-1900,yes,http://www.carrollcobank.com/
"First Dakota National Bank","101 South 3rd Street, Beresford, SD 57004, USA",(605) 763-2135,yes,https://www.firstdakota.com/
"Maspeth Federal Savings Main Office","56-18 69th St, Maspeth, NY 11378, USA",(718) 335-1300,yes,http://www.maspethfederal.com/
"Vidalia Federal Savings Bank","300 Jackson St, Vidalia, GA 30474, USA",(912) 537-8805,yes,https://www.vidfedonline.com/
"Fidelity Savings & Loan Association","237 Radcliffe St, Bristol, PA 19007, USA",(215) 788-0448,yes,http://www.fidelitysavingsonline.com/
"First Mutual Bank","610 WV-2, New Martinsville, WV 26155, USA",(304) 455-1850,yes,https://www.1stmutualbank.com/
"Home Bank","2178 Burton Ln, Martinsville, IN 46151, USA",(765) 342-6695,yes,http://www.homebanksb.com/
"Cumberland Federal Bank","1390 2nd Ave, Cumberland, WI 54829, USA",(715) 822-2249,yes,https://www.cumberlandfederal.com/
"Piedmont Federal Savings Bank","2095 N Peace Haven Rd, Winston-Salem, NC 27106, USA",(336) 770-1060,yes,https://www.piedmontfederal.com/
"Commercial Bank","629 W State St, Hastings, MI 49058, USA",(269) 945-9561,yes,https://www.commercial-bank.com/
"First Piedmont Federal Savings","1229 W Floyd Baker Blvd, Gaffney, SC 29341, USA",(864) 489-6046,yes,http://www.firstpiedmont.com/
"East Wisconsin Savings Bank","109 W 2nd St, Kaukauna, WI 54130, USA",(920) 766-4646,yes,https://www.eastwis.com/
"Volunteer Federal Savings Bank","4650 New Hwy 68, Madisonville, TN 37354, USA",(423) 442-8866,yes,http://www.volfed.com/
"MoneyGram","3060 W Sand Lake Rd, Lindenhurst, IL 60046, USA",(847) 336-4430,yes,http://locations.moneygram.com/il/lindenhurst/301761527/
"Kearny Bank","689 5th Ave, Brooklyn, NY 11215, USA",(718) 768-4800,yes,http://www.kearnybank.com/
"Athens Federal Community Bank","106 W Washington Ave, Athens, TN 37303, USA",(423) 745-1111,yes,http://www.athensfederal.com/
"The Peoples Savings & Loan Company","110 N Detroit St, West Liberty, OH 43357, USA",(937) 465-4931,yes,http://www.peoplessavingsonline.com/
"First Federal Savings & Loan","5 E Main St, Centerburg, OH 43011, USA",(740) 625-5392,yes,http://www.savingsbankcenterburgohio.com/
"First Federal Savings & Loan","211 W Main St, Morehead, KY 40351, USA",(606) 784-4187,yes,Gate City Bank","305 8th St S, Moorhead, MN 56560, USA",(701) 298-2802,yes,https://www.gatecitybank.com/
"Camden National Bank","344 Main St, Calais, ME 04619, USA",(207) 454-2123,unknown,,https://www.camdennational.com/
"Icba Financial Services Corporation: Milliard Sheryl","190 Water St, Gardiner, ME 04345, USA",(207) 582-5550,unknown,
"Greenville Federal","731 W Market St, Troy, OH 45373, USA",(800) 472-3272,unknown,,https://www.greenvillefederal.com/atm-locations/
"Pee Dee Federal Savings Bank","106 NE Court St, Marion, SC 29571, USA",(843) 423-2150,unknown,,http://pdfederalbank.org/
"Icba Financial Services Corporation: Markos Christopher","190 Water St, Gardiner, ME 04345, USA",(207) 582-5550,unknown,
"Kearny Bank","339 Sand Ln, Staten Island, NY 10305, USA",(718) 768-4800,yes,http://www.kearnybank.com/
"Botany Inc","1433 Van Houten Ave, Clifton, NJ 07013, USA",(973) 473-2200,unknown,
"Watch Hill Bank","2110 Beechmont Ave, Cincinnati, OH 45230, USA",(513) 231-7871,yes,http://www.watchhillbank.com/
"PyraMax Bank","318 N Water St, Milwaukee, WI 53202, USA",(414) 238-2952,yes,http://www.pyramaxbank.com/
"Volunteer Federal Savings Bank","111 Cherohala Skyway, Tellico Plains, TN 37385, USA",(423) 253-3535,yes,http://www.volfed.com/
"FSB Community Bankshares MHC","45 S Main St, Fairport, NY 14450, USA",(585) 223-9080,unknown,,https://www.fairportsavingsbank.com/
"Washington Savings Bank","1111 Charleston Ave, Mattoon, IL 61938, USA",(217) 235-5411,yes,http://www.washingtonsavings.net/
"DNB First - Boothwyn Branch","3915 Chichester Ave, Boothwyn, PA 19061, USA",(610) 485-1226,yes,http://www.dnbfirst.com/
"Town Square Bank","9431 US-60, Ashland, KY 41102, USA",(606) 929-9700,yes,http://www.townsquarebank.com/
"First Federal Savings of Middletown","22 James St, Middletown, NY 10940, USA",(845) 343-1401,yes,http://www.firstfederalmiddletown.com/
"PyraMax Bank","405 River Crest Ct, Mukwonago, WI 53149, USA",(262) 363-3021,yes,http://www.pyramaxbank.com/
"Legends Bank","130 E McCarty St, Jefferson City, MO 65101, USA",(573) 636-4193,yes,https://www.legendsbk.com/
"Bank of Ruston","2109 Farmerville Hwy, Ruston, LA 71270, USA",(318) 255-3733,yes,https://www.bor.bank/
"First Federal Bank of Wisconsin","1801 Summit Ave, Waukesha, WI 53188, USA",(262) 542-4448,yes,http://www.firstfederalwisconsin.com/
"New Foundation Savings Bank","8249 Clara Ave, Cincinnati, OH 45239, USA",(513) 729-0100,yes,https://www.newfoundationsavingsbank.com/
"PyraMax Bank","8001 W National Ave, Milwaukee, WI 53214, USA",(414) 336-7000,yes,http://www.pyramaxbank.com/
"Huntington Federal Savings Bnk","1049 5th Ave, Huntington, WV 25701, USA",(304) 528-6200,yes,http://www.huntingtonfederal.com/
"Investors Bank","81 Court St, Brooklyn, NY 11201, USA",(718) 855-8500,yes,https://www.myinvestorsbank.com/
"Ozarks Federal Savings & Loan","3188, 2, E Columbia St, Farmington, MO 63640, USA",(573) 756-6622,yes,https://ozarksfederal.com/
"HomeTrust Bank","107 W Center St, Lexington, NC 27292, USA",(336) 243-2766,yes,https://www.hometrustbanking.com/
"Lake Shore Savings Bank","128 E 4th St, Dunkirk, NY 14048, USA",(716) 366-4070,yes,http://www.lakeshoresavings.com/
"Sound Community Bank","4922 Bridgeport Way W, University Place, WA 98467, USA",(253) 565-9737,yes,http://www.soundcb.com/
"Greenville Federal","690 Wagner Ave, Greenville, OH 45331, USA",(937) 548-4158,yes,http://www.greenvillefederal.com/
"Brattleboro Savings & Loan","221 Main St, Brattleboro, VT 05301, USA",(802) 254-5333,yes,http://www.brattbank.com/
"The Home Savings and Loan Company of Kenton, Ohio","116 E Franklin St, Kenton, OH 43326, USA",(419) 673-1117,yes,http://www.hslc-kenton.com/
"Greeneville Federal Bank","101 W Summer St, Greeneville, TN 37743, USA",(423) 638-4154,yes,https://www.greenevillefederalbank.com/
"Eaton Federal Savings Bank","236 Cochran Ave, Charlotte, MI 48813, USA",(517) 543-3880,yes,http://www.eatonfed.com/
"Fairmount Bank","8216 Philadelphia Rd, Rosedale, MD 21237, USA",(410) 866-4500,yes,CCFBank","1601 Adams St, Mankato, MN 56001, USA",(507) 345-4558,yes,https://www.ccf.us/
"Poage Bankshares Inc","1500 Carter Ave, Ashland, KY 41101, USA",(606) 324-7196,unknown,
"Ponce De Leon Federal Bank","2244 Westchester Ave, Bronx, NY 10462, USA",(718) 931-9000,yes,http://www.poncedeleonbank.com/
"Middlesex Federal Savings","53 Riverside Ave, Medford, MA 02155, USA",(617) 666-4700,yes,https://www.middlesexfederal.com/
"Progress Resources Inc","502 Denrock Ave, Dalhart, TX 79022, USA",(806) 249-8561,unknown,
"St John Michael","3300 Harrison Ave, Cincinnati, OH 45211, USA",(513) 661-6903,unknown,
"First Federal Savings & Loan","903 Jackson Ave, Pascagoula, MS 39567, USA",(228) 762-4034,yes,http://www.firstwithus.com/
"Warsaw Federal Savings & Loan","3533 Warsaw Ave, Cincinnati, OH 45205, USA",(513) 244-6900,yes,http://www.warsawfederal.com/
"Home Building & Loan Co","355 Jefferson St, Greenfield, OH 45123, USA",(937) 981-3123,unknown,
"Union Federal Savings & Loan","104 N Tremont St, Kewanee, IL 61443, USA",(309) 853-3535,yes,http://www.myunionfederal.com/
"PyraMax Bank","1605 W Mitchell St, Milwaukee, WI 53204, USA",(414) 645-5962,yes,http://www.pyramaxbank.com/
"Prudential Bank","3993 Huntingdon Pike #300, Huntingdon Valley, PA 19006, USA",(215) 755-1500,yes,https://www.psbanker.com/
"Adams County Building Loan","201 W Main St, West Union, OH 45693, USA",(937) 544-2842,yes,Citizens Community Federal Bank","501 1st Ave S, St James, MN 56081, USA",(507) 375-3177,yes,https://www.ccf.us/
"Home Trust Bancshares Inc","10 Woodfin St, Asheville, NC 28801, USA",(828) 259-3939,yes,http://ir.hometrustbanking.com/
"Baltimore Guide","526 S Conkling St, Baltimore, MD 21224, USA",(410) 732-6600,unknown,
"Olympia Federal Savings – Main Branch","421 Capitol Way S, Olympia, WA 98501, USA",(360) 754-3400,yes,http://www.olyfed.com/
"Rosedale Federal Savings and Loan Assoc.","6810 York Rd, Baltimore, MD 21212, USA",(410) 377-4330,yes,https://www.rosedalefederal.com/
"First Federal Savings Bank","320 E Main St, Lincolnton, NC 28092, USA",(704) 735-0416,yes,http://www.ffsb-nc.com/
"Equitable Bank: Dobrovolny Joseph","113 N Locust St # 115, Grand Island, NE 68801, USA",(308) 382-3136,unknown,
"First Savings Bank of Hegewisch","7048 Kennedy Ave, Hammond, IN 46323, USA",(219) 845-0220,yes,https://www.fsbhegewisch.com/
"Lawrenceburg Federal Bank","118 W Gaines St, Lawrenceburg, TN 38464, USA",(931) 762-7571,yes,http://lawrenceburgfederal.com/
"Arundel Federal Savings Bank","1827, 333 E Patapsco Ave, Baltimore, MD 21225, USA",(410) 355-9300,yes,http://www.arundelfederal.com/
"Millville Savings & Loan Association","904 W Main St, Millville, NJ 08332, USA",(856) 293-9480,yes,http://www.millvillesavings.com/
"Home Bank","1600 Veterans Blvd, Metairie, LA 70005, USA",(504) 834-1190,yes,https://www.home24bank.com/
"Newton Federal Bank","3650, 10131 Carlin Ave, Covington, GA 30014, USA",(770) 786-7088,yes,https://www.newtonfederal.com/
"Amory Federal Savings & Loan","213 2nd Ave N, Amory, MS 38821, USA",(662) 256-9323,yes,http://amoryfederal.com/
"PennCrest Bank","700 2nd St, Cresson, PA 16630, USA",(814) 886-2641,yes,https://www.penncrestbank.com/
"Covington Savings & Loan Association","117 N High St, Covington, OH 45318, USA",(937) 473-2021,unknown,,http://covingtonsavingsandloan.com/
"Geddes Federal Savings & Loan Association","2208 W Genesee St, Syracuse, NY 13219, USA",(315) 468-6281,yes,https://www.geddesfederal.com/?utm_source=Google%20Plus&utm_medium=organic%20plus&utm_campaign=organic
"Peoples Bank","1900 Indianapolis Blvd, Whiting, IN 46394, USA",(219) 659-6700,yes,http://www.ibankpeoples.com/
"Capital Bank","3915 Chichester Ave, Upper Chichester, PA 19061, USA",(610) 485-1226,unknown,
"North Shore Trust and Savings","700 S Lewis Ave, Waukegan, IL 60085, USA",(847) 336-4430,yes,http://www.northshoretrust.com/
"Cincinnatus Savings & Loan","1100 Harrison Ave, Harrison, OH 45030, USA",(513) 367-5555,yes,http://www.cincinnatussl.com/
"Volunteer Federal Savings Bank","108 Main St, Madisonville, TN 37354, USA",(423) 442-4545,yes,http://www.volfed.com/
"Colton Enterprises Inc","401 Liberty Ave, Pittsburgh, PA 15222, USA",(412) 261-4900,unknown,
"Oconee Federal Savings & Loan - Main Office","115 E North 2nd St, Seneca, SC 29678, USA",(864) 882-2765,yes,http://www.oconeefederal.com/
"Iroquois Federal Savings/Loan","201 E Cherry St, Watseka, IL 60970, USA",(815) 432-2476,unknown,,http://www.iroquoisfed.com/
"Westmoreland Federal Savings","322 Main St, Latrobe, PA 15650, USA",(724) 539-9755,yes,http://www.westfedsav.com/
"First Federal Bank of Ohio","140 N Columbus St, Galion, OH 44833, USA",(419) 468-1518,yes,http://www.firstfederalbankofohio.com/asp/home.asp
"First Federal Savings and Loan of Greene County","101 Locust Ave Ext, Mt Morris, PA 15349, USA",(724) 324-2700,yes,http://firstfederalofgreene.com
"Farmers & Mechanics Federal Savings and Loan Association","225 E Main St, Bloomfield, IN 47424, USA",(812) 384-4473,yes,https://www.farmersandmechanicsfederal.com/home/home
"Rosedale Federal Savings & Loan Association","6810 York Rd, Baltimore, MD 21212, USA",(410) 377-4330,yes,http://www.rosedalefederal.com/
"PyraMax Bank","1150 Washington St, Grafton, WI 53024, USA",(262) 618-4952,yes,http://pyramaxbank.com/
"Home Bank","503 Kaliste Saloom Rd, Lafayette, LA 70508, USA",(337) 237-1960,yes,http://www.home24bank.com/
"Mercer Savings Bank","1100 Irmscher Blvd, Celina, OH 45822, USA",(419) 586-5158,yes,http://www.mercersavings.com/
"Gate City Bank","501 Demers Ave, Grand Forks, ND 58201, USA",(701) 792-4360,yes,https://www.gatecitybank.com/
"Bear Hotel - Evergreen Federal Bank","4196, 2101 NE Spalding Ave, Grants Pass, OR 97526, USA",(541) 479-3351,unknown,,https://www.evergreenfederal.bank/bear-hotel
"Rayne Building & Loan Association","200 N Adams Ave, Rayne, LA 70578, USA",(337) 334-7535,yes,http://www.raynebuildingloan.com/
"Slovenian Savings & Loan Association","361 1st St, Conemaugh, PA 15909, USA",(814) 535-7658,yes,http://www.sloveniansavings.com/
"Gate City Bank (in Hornbacher's)","1532 32nd Ave S, Fargo, ND 58103, USA",(701) 293-2470,yes,https://www.gatecitybank.com/
"Lake Shore Savings","30 E Main St, Fredonia, NY 14063, USA",(716) 673-9556,yes,http://www.lakeshoresavings.com/
"Gate City Bank","2850 24th Ave S, Grand Forks, ND 58201, USA",(701) 792-4350,yes,https://www.gatecitybank.com/
"Gate City Bank (in Hornbacher's)","4101 13th Ave S, Fargo, ND 58103, USA",(701) 293-2478,yes,https://www.gatecitybank.com/
"Heritage Bank of St. Tammany","205 N Columbia St, Covington, LA 70433, USA",(985) 892-4565,yes,http://heritagebank.org/
"First Federal Bank of Wisconsin","3974 S Howell Ave, Milwaukee, WI 53207, USA",(262) 542-4448,yes,http://www.firstfederalwisconsin.com/
"Brookville Building & Savings","6729 S Commerce St, Lewisburg, OH 45338, USA",(937) 962-4511,yes,http://www.brookvillesavings.com/
"Prudential Bank","1270 Township Line Rd, Drexel Hill, PA 19026, USA",(215) 755-1500,yes,https://www.psbanker.com/
"Seneca Savings","35 Oswego St, Baldwinsville, NY 13027, USA",(315) 638-0233,yes,http://www.senecasavings.com/
"Newton Federal Bank","3175 US-278, Covington, GA 30014, USA",(770) 786-7088,yes,http://www.newtonfederal.com/
"Pioneer Federal Savings & Loan","401 Milwaukee Ave, Deer Lodge, MT 59722, USA",(406) 846-2202,yes,https://www.pioneerfed.com/
"Merrill Community Bank","907 E Main St, Merrill, WI 54452, USA",(715) 536-7133,yes,https://www.merrillfederal.com/
"Tempo Bank","28 W Broadway, Trenton, IL 62293, USA",(618) 224-9228,yes,http://www.tempobank.com/
"Middlesex Federal Savings","1196 Broadway, Somerville, MA 02144, USA",(617) 666-4700,yes,https://www.middlesexfederal.com/
"Morganton Federal Savings & Ln","100 S King St, Morganton, NC 28655, USA",(828) 437-1426,unknown,,http://www.morgantonfed.com/
"Gate City Bank","304 E Rosser Ave, Bismarck, ND 58502, USA",(701) 355-7620,yes,https://www.gatecitybank.com/home/home
"Equitable Bank","619 N Diers Avenue, Grand Island, NE 68803, USA",(308) 382-3136,yes,https://www.equitableonline.com/
"ISF Bank","8700 S King Dr, Chicago, IL 60619, USA",(773) 224-2160,yes,https://www.isfbank.com/
"First Federal of Van Wert","679 Fox Rd, Van Wert, OH 45891, USA",(419) 238-1463,yes,http://www.1stfedvw.com/
"Carthage Savings","313 State St, Carthage, NY 13619, USA",(315) 493-3480,yes,http://www.carthagesavings.com/
"Homewood Federal Savings Bank","3228 Eastern Ave # 2, Baltimore, MD 21224, USA",(410) 327-5220,yes,https://www.homewoodfsb.com/
"First Federal Bank of Ohio","901 Bucyrus Rd, Galion, OH 44833, USA",(419) 468-1518,yes,http://www.firstfederalbankofohio.com/
"Gate City Bank","3205 S Washington St, Grand Forks, ND 58201, USA",(701) 792-4370,yes,https://www.gatecitybank.com/
"Gate City Bank","3909 13th Ave S, Fargo, ND 58103, USA",(701) 293-2477,yes,https://www.gatecitybank.com/
"Sound Community Bank","2941 S 38th St, Tacoma, WA 98409, USA",(253) 474-8408,yes,http://www.soundcb.com/
"Equitable Bank","113 N Locust St # 115, Grand Island, NE 68801, USA",(308) 382-3136,unknown,,https://www.equitableonline.com/
"PyraMax Bank","9000 W Drexel Ave, Franklin, WI 53132, USA",(414) 425-9000,yes,http://www.pyramaxbank.com/
"Spratt Savings & Loan Association","121 Saluda St, Chester, SC 29706, USA",(803) 385-5102,yes,https://www.sprattsavingsandloan.com/
"First Federal Sixth Street Branch","227 E 6th St, Port Angeles, WA 98362, USA",(360) 457-0461,yes,http://www.ourfirstfed.com/
"CSBK (Clifton Savings Bank)","1433 Van Houten Ave, Clifton, NJ 07013, USA",(973) 473-2200,yes,https://www.csbk.bank/
"Bank of Ruston","505 N Vienna St, Ruston, LA 71270, USA",(318) 255-3733,yes,https://www.bor.bank/
"First Mutual Bank","155 Jefferson St, New Martinsville, WV 26155, USA",(304) 455-1850,yes,http://www.1stmutualbank.com/
"First Federal Savings & Loan","655 Main St, Hazard, KY 41701, USA",(606) 436-3860,yes,http://www.firstfederalhazard.com/history.html
"Athens Federal Community Bank Lenoir City","705 E Broadway St, Lenoir City, TN 37771, USA",(800) 526-3572,yes,https://www.athensfederal.com/
"Winter Hill Bank - Corporate Office","342 Broadway, Somerville, MA 02145, USA",(617) 666-8600,yes,https://winterhillbank.com/
"Paper City Savings Association","4200 8th St S, Wisconsin Rapids, WI 54494, USA",(715) 423-8100,yes,http://www.papercitysavings.com/
"First Federal Savings & Loan","679 Fox Rd, Van Wert, OH 45891, USA",(419) 238-1463,yes,http://1stfedvw.com/
"Sound Community Bank","2001 5th Ave, Seattle, WA 98121, USA",(206) 443-4345,yes,http://www.soundcb.com/
"Athens Federal Community Bank - Congress Pkwy Athens","835 Congress Pkwy S, Athens, TN 37303, USA",(800) 526-3572,yes,https://www.athensfederal.com/
"Mutual Bank - Whitman Center Banking Center","570 Washington St, Whitman, MA 02382, USA",(781) 447-4488,yes,http://www.mymutualbank.com//?utm_source=Google-My-Business&utm_medium=GMB&utm_content=GMB-Listing
"Hatboro Federal Savings","221 S York Rd, Hatboro, PA 19040, USA",(215) 675-4000,yes,https://www.hatborofed.com/
"Aserco Financial Services","106 Washington Street, Sweetwater, TN 37874, USA",(423) 745-1111,unknown,
"Wallkill Valley Federal Savings & Loan","1823, 12 Main St, Walden, NY 12586, USA",(845) 778-2171,yes,https://wallkill.com/
"Dollar Bank Headquarters Pittsburgh","Three Gateway Center, Pittsburgh, PA 15222, USA",(412) 261-4900,yes,https://www.dollar.bank/personal?utm_source=G&utm_medium=LPM&utm_campaign=DollarBankLPM
"Brock James","3012 S Locust St, Grand Island, NE 68801, USA",(308) 382-3136,unknown,
"Gate City Bank","1630 Broadway St, Alexandria, MN 56308, USA",(320) 762-3100,yes,https://www.gatecitybank.com/
"Athens Federal Community Bank Sweetwater","761 New Hwy 68, Sweetwater, TN 37874, USA",(800) 526-3572,yes,https://www.athensfederal.com/
"PyraMax Bank","1500 E Moreland Blvd, Waukesha, WI 53186, USA",(262) 798-0201,yes,http://www.pyramaxbank.com/
"Woodruff Federal Savings-Loan","247 N Main St, Woodruff, SC 29388, USA",(864) 476-8144,yes,http://www.woodrufffederal.com/
"Gate City Bank","1501 S University Dr, Fargo, ND 58103, USA",(701) 298-2832,yes,https://www.gatecitybank.com/
"Sharon Savings Bank","25 S Morton Ave, Morton, PA 19070, USA",(610) 544-0400,yes,https://www.sharonbank.com/
"Gate City Bank","837 East 31st Ave E, West Fargo, ND 58078, USA",(701) 298-2808,yes,https://www.gatecitybank.com/
"Gate City Bank","2710 State St, Bismarck, ND 58503, USA",(701) 355-7640,yes,https://www.gatecitybank.com/
"Freehold Savings Bank","68 W Main St, Freehold, NJ 07728, USA",(732) 462-6700,unknown,,https://www.freeholdsavingsandloan.com/
"Gate City Bank","428 W Lincoln Ave, Fergus Falls, MN 56537, USA",(218) 998-7900,yes,https://www.gatecitybank.com/
"Gate City Bank","2501 Broadway N, Fargo, ND 58102, USA",(701) 271-2600,yes,https://www.gatecitybank.com/
"Wayne County Bank","111 W 3rd St, Madison, NE 68748, USA",(402) 454-6511,unknown,,http://www.waynecountybank.net/online-banking/
"Equitable Bank: Shurtleff Catherine","113 N Locust St # 115, Grand Island, NE 68801, USA",(308) 382-3136,unknown,
"Massena Savings & Loan Association","255 Main St, Massena, NY 13662, USA",(315) 764-0541,yes,https://www.massenasavingsloan.com/
"Oconee Federal Savings & Loan - Main Office Annex","201 N 2nd St, Seneca, SC 29678, USA",(864) 882-2765,yes,http://www.oconeefederal.com/
"Versailles Financial Corporation","10413 Kley Rd, Versailles, OH 45380, USA",(937) 526-4515,unknown,,http://www.versaillesfinancialcorp.com/
"Lake Shore Bancorp Inc","31 E 4th St, Dunkirk, NY 14048, USA",(716) 366-4070,unknown,,https://www.lakeshoresavings.com/
"Century Next Financial Corporation","505 N Vienna St, Ruston, LA 71270, USA",(318) 255-3733,unknown,
"Gate City Bank","2929 20th St, Moorhead, MN 56560, USA",(701) 298-2854,yes,https://www.gatecitybank.com/
"First Piedmont Federal Savings","503 N Granard St, Gaffney, SC 29341, USA",(864) 488-4300,yes,http://www.firstpiedmont.com/
"Columbia Savings & Loan Assn","2020 W Fond Du Lac Ave, Milwaukee, WI 53205, USA",(414) 374-0486,yes,http://www.columbiasavingsandloans.com/
"Fidelity Federal Savings & Loan Association","Delaware, OH 43015, USA",(740) 363-1233,yes,https://www.fidfedsl.com/
"Camden National Bank","344 Main St, Calais, ME 04619, USA",(207) 454-2123,yes,http://www.camdennational.com/
"Town Square Bank","1500 Carter Ave, Ashland, KY 41101, USA",(606) 324-7196,yes,http://www.townsquarebank.com/
"Home Savings Bank","1 S Blackhoof St, Wapakoneta, OH 45895, USA",(419) 738-9258,yes,http://www.homesavings-wapak.com/
"Cumberland Advocate","1375 2nd Ave, Cumberland, WI 54829, USA",(715) 822-4469,yes,http://www.cumberland-advocate.com/
"West-Campbell Realty","3680 N Gloster St, Tupelo, MS 38804, USA",(662) 256-9323,unknown,,http://www.west-campbellrealty.com/
"Pioneer Federal Savings & Loan","32 N Washington St, Dillon, MT 59725, USA",(406) 683-5191,yes,https://www.pioneerfed.com/
"First Federal Savings & Loan","25 E High St, Waynesburg, PA 15370, USA",(724) 627-6116,yes,http://www.firstfederalofgreene.com/
"Town Square Bank","1608 Argillite Rd, Flatwoods, KY 41139, USA",(606) 836-9822,yes,http://townsquarebank.com/
"Investors Bank","393 Springfield Ave, Summit, NJ 07901, USA",(908) 273-8150,yes,https://www.myinvestorsbank.com/
"County Savings Bank","10 Powhatan Ave, Essington, PA 19029, USA",(610) 521-1080,yes,http://www.countysavingsbank.com/
"Equitable Savings & Loan Co","114 S Main St, Cadiz, OH 43907, USA",(740) 942-2092,yes,http://www.equitablesavings.com/
"Sound Community Bank","9500 Oak Bay Rd a, Port Ludlow, WA 98365, USA",(360) 437-8805,yes,http://www.soundcb.com/
"Cross County Savings Bank","79-21 Metropolitan Ave, Middle Village, NY 11379, USA",(718) 326-6300,yes,http://www.crosscounty.com/home/about-us/meetthemanagers
"Hock Rhonda","314 Park Ave, Ironton, OH 45638, USA",(740) 532-2856,unknown,
"Wallkill Valley Federal Savings & Loan","225 Main St, Highland Falls, NY 10928, USA",(845) 446-4711,yes,https://www.wallkill.com/
"Horizon Bank - Eastman Ave, Midland","5710 Eastman Ave, Midland, MI 48640, USA",(989) 631-4280,yes,https://www.horizonbank.com/
"First Federal Savings & Loan","404 W Main St, Delta, OH 43515, USA",(419) 822-3131,yes,https://firstfeddelta.com/
"Malvern Federal Savings Bank","42 W Lancaster Ave, Paoli, PA 19301, USA",(610) 644-9400,yes,https://www.malvernfederal.com/
"Piedmont Federal Savings Bank","2915 Reynolda Rd, Winston-Salem, NC 27106, USA",(336) 770-1110,yes,https://www.piedmontfederal.com/
"Slovenian Savings and Loan Association","130 Boone Ave, Strabane, PA 15363, USA",(724) 745-5000,yes,http://www.ssl130.net/
"Home Federal Savings & Loan","715 W 4th St, Hastings, NE 68901, USA",(402) 462-2175,yes,https://www.homefederalne.bank/
"First Federal Savings & Loan","2310 Phelps Ave, Littlefield, TX 79339, USA",(806) 385-7511,yes,http://expressloansofamerica.com/
"Profile Bank FSB","45 Wakefield St, Rochester, NH 03867, USA",(603) 332-2610,unknown,,https://www.profilebank.com/
"Peoples Bank","130 Rimbach St, Hammond, IN 46320, USA",(219) 932-0052,yes,http://www.ibankpeoples.com/
"Compass Federal Savings Bank","111 Westinghouse Ave, Wilmerding, PA 15148, USA",(412) 824-1070,yes,http://compassbank.us/
"Elizabethton Federal Savings Bank","112 N Sycamore St, Elizabethton, TN 37643, USA",(423) 543-5050,yes,http://www.elizfed.com/
"Brookville Building & Savings","510 Arlington Rd, Brookville, OH 45309, USA",(937) 833-2176,yes,http://www.brookvillesavings.com/
"Gate City Bank","11 1st St SE, Mayville, ND 58257, USA",(701) 786-2219,yes,https://www.gatecitybank.com/
"Commercial Bank","629 W State St, Hastings, MI 49058, USA",(269) 945-9561,unknown,,https://www.commercial-bank.com/
"Bay-Vanguard Federal Savings","7114 North Point Rd, Baltimore, MD 21219, USA",(410) 477-5000,yes,http://www.bayvanguard.com/
"First Federal Bank of Louisiana","1135 Lake Shore Dr # 2nd, Lake Charles, LA 70601, USA",(337) 433-3611,yes,http://www.ffbla.com/
"PyraMax Bank","1015 Marquette Ave, South Milwaukee, WI 53172, USA",(414) 762-7600,yes,http://www.pyramaxbank.com/
"Athens Federal Community Bank Downtown Madisonville","215 Warren St, Madisonville, TN 37354, USA",(800) 526-3572,yes,https://www.athensfederal.com/
"Dollar Bank","820 E Warrington Ave, Pittsburgh, PA 15210, USA",(412) 431-0100,yes,https://www.dollar.bank/personal?utm_source=G&utm_medium=LPM&utm_campaign=DollarBankLPM
"Hancock County Savings Bank","351 Carolina Ave, Chester, WV 26034, USA",(304) 387-1620,yes,https://www.hcsbank.com/
"ISF Bank","4619 S King Dr, Chicago, IL 60653, USA",(773) 624-2000,yes,http://www.isfbank.com/
"Wallkill Valley Federal Savings & Loan","3136, 23 Wallkill Ave, Wallkill, NY 12589, USA",(845) 895-2051,yes,https://www.wallkill.com/
"Gate City Bank","3100 25th St S, Fargo, ND 58103, USA",(701) 293-2500,yes,https://www.gatecitybank.com/
"Blue Ridge Bank","1 E Market St, Martinsville, VA 24112, USA",(276) 638-7545,yes,http://www.mybrb.com/
"First Federal Bank of Wisconsin","1360 S Moorland Rd, Brookfield, WI 53005, USA",(262) 542-4448,yes,http://www.firstfederalwisconsin.com/
"Mutual Bank - Whitman Bedford","342 Bedford St, Whitman, MA 02382, USA",(781) 447-4488,yes,http://www.mymutualbank.com//?utm_source=Google-My-Business&utm_medium=GMB&utm_content=GMB-Listing
"Systematic Savings Bank","318 South Ave, Springfield, MO 65806, USA",(417) 862-5036,yes,http://www.mysystematic.com/
"Belmont Federal Savings Bank","210 Park St, Belmont, NC 28012, USA",(704) 825-9861,yes,http://belmontfederal.com/
"First Federal Savings & Loan","800 W Lincoln Ave, Charleston, IL 61920, USA",(217) 348-8105,unknown,,https://www.1stfedci.com/
"Daniel Hubers W","1520 Old Eastern Ave, Essex, MD 21221, USA",(410) 687-1600,unknown,
"Madison County Bank","111 W 3rd St, Madison, NE 68748, USA",(402) 454-6511,yes,http://www.madisoncountybank.com/
"MoneyGram","700 S Lewis Ave #1, Waukegan, IL 60085, USA",(847) 336-4430,yes,http://locations.moneygram.com/il/waukegan/301662676/
"Farmers State Bank","1901 Frederick Ave, St Joseph, MO 64501, USA",(816) 233-5148,yes,https://www.fscbank.com/
"Boonville Federal Savings Bank","123 N 3rd St, Boonville, IN 47601, USA",(812) 897-2620,yes,https://www.boonvillefederal.com/
"Highland Federal Savings & Loan Association","106 S Main St, Crossville, TN 38555, USA",(931) 484-6178,yes,http://www.highlandfederal.com/
"Midwest Federal Savings & Loan","1901 Frederick Ave, St Joseph, MO 64501, USA",(816) 233-5148,unknown,
"First Federal Savings & Loan","821 Lakes Blvd, Lake Park, GA 31636, USA",(229) 244-0164,unknown,,https://www.1stfederalvaldosta.com/
"Rollstone Bank & Trust","780 Main Street, Fitchburg, MA 01420, USA",(978) 345-1061,yes,http://rollstonebank.com/
"First Federal Savings & Loan","41 Townsend Ave, Boothbay Harbor, ME 04538, USA",(207) 633-2660,unknown,,https://firstfederalbath.com/
"Martinsville First Savings Bank","25 W Church St, Martinsville, VA 24112, USA",(276) 638-8771,yes,http://www.martinsvillefirst.com/contact.html
"First Federal Savings & Loan","2728 N Oak St, Valdosta, GA 31602, USA",(229) 244-0164,yes,http://www.1stfederalvaldosta.com/
"Home Bank Drive Up","90 W Washington St, Martinsville, IN 46151, USA",(765) 342-6695,yes,http://www.homebanksb.com/
"Fairfield Federal Saving & Loan Association","1100 W Fair Ave, Lancaster, OH 43130, USA",(740) 653-1895,yes,http://fairfieldfederal.com/
"Fairfield Federal S & L Association","111 E Main St, Lancaster, OH 43130, USA",(740) 653-3863,yes,http://fairfieldfederal.com/
"Gate City Bank","201 Briggs Ave S, Park River, ND 58270, USA",(701) 284-7131,yes,https://www.gatecitybank.com/
"Freehold Savings Bank","3649 U.S. 9, Freehold, NJ 07728, USA",(732) 462-6700,yes,http://www.freeholdsavingsandloan.com/
